t,H_U,H_C,H_D,H_M,V_C,V_D
0,47.244394112263,1576.32412638727,0,0,655774.638546071,0
0.1,40.7186303826719,1518.56562291273,0,0,655456.929171252,0
0.2,35.2538744319665,1460.20167595683,0,0,653847.780856778,0
0.3,30.7077751271222,1401.81794845917,0,0,651009.616413592,0
0.4,26.949520921471,1343.90917729965,0,0,647013.662170871,0
0.5,23.8623803620074,1286.88299593801,0,0,641937.464775675,0
0.6,21.3447868556984,1231.06701154945,0,0,635862.666979198,0
0.7,19.3103550872104,1176.71774795749,0,0,628873.085536977,0
0.8,17.6871987342989,1124.03035357095,0,0,621053.103966143,0
0.9,16.4168645628109,1073.14828204994,0,0,612486.370920553,0
1,15.4531297592938,1024.17243397006,0,0,603254.780896672,0
1.1,14.7608436726046,977.169475474237,0,0,593437.706414325,0
1.2,14.3149406358857,932.179221217966,0,0,583111.448086627,0
1.3,14.0997111826688,889.221085735391,0,0,572348.869741293,0
1.4,14.1083945593127,848.299683005191,0,0,561219.188436119,0
1.5,14.3431447068737,809.409696832237,0,0,549787.893312284,0
1.6,14.8154226269955,772.540168434504,0,0,538116.771528652,0
1.7,15.546877796215,737.678355449689,0,0,526264.024120306,0
1.8,16.5707986463314,704.81332071273,0,0,514284.459257554,0
1.9,17.9342336484963,673.939408212835,0,0,502229.754286742,0
2,19.700907571609,645.059762146659,0,0,490148.782241578,0
2.1,21.9550746074188,618.19004224581,0,0,478088.001992155,0
2.2,24.8064508992525,593.362482312454,0,0,466091.914770129,0
2.3,28.3963314343222,570.63042280981,0,0,454203.592775049,0
2.4,32.9048865658311,550.07341363984,0,0,442465.287820877,0
2.5,38.5593946690156,531.802913017147,0,0,430919.129079523,0
2.6,45.6427172461318,515.968478670768,0,0,419607.917674785,0
2.7,54.5005543721705,502.764125930275,0,0,408576.020865277,0
2.8,65.5448257091971,492.434174740538,0,0,397870.357333928,0
2.9,79.2488764840103,485.277392871954,0,0,387541.444765305,0
3,96.1283204243561,481.647570923272,0,0,377644.448212536,0
3.1,116.699925415833,481.947934781033,0,0,368240.120691155,0
3.2,141.411549026897,486.616284271774,0,0,359395.468202971,0
3.3,170.541054097228,496.0979495664,0,0,351183.910667161,0
3.4,204.073497250219,510.805264097885,0,0,343684.671979357,0
3.5,241.583073495433,531.06579285697,0,0,336981.153885831,0
3.6,282.162710035221,557.066730880256,0,0,331158.168742702,0
3.7,324.446906026879,588.807906327158,0,0,326298.139836392,0
3.8,366.750602519278,626.077589758448,0,0,322476.681338127,0
3.9,407.301394736516,668.46118849908,0,0,319758.232906694,0
4,444.498012646819,715.383276944507,0,0,318192.512728649,0
4.1,477.114629282006,766.172540994494,0,0,317812.395272538,0
4.2,504.398010145295,820.132686028452,0,0,318633.466511512,0
4.3,526.052999031208,876.60302897759,0,0,320655.108058602,0
4.4,542.150697558723,934.998755625795,0,0,323862.667765025,0
4.5,553.006376333137,994.828557246514,0,0,328230.161143559,0
4.6,559.064711077358,1055.69310225658,0,0,333722.997388205,0
4.7,560.812016250162,1117.27034600409,0,0,340300.363415184,0
4.8,558.719738870265,1179.29365886152,0,0,347917.057550986,0
4.9,553.214663834695,1241.527418275,0,0,356524.696529695,0
5,544.668276155774,1303.74310675984,0,0,366072.309658635,0
5.1,533.398119108737,1365.69763953165,0,0,376506.38606957,0
5.2,519.675700055581,1427.11478440578,0,0,387770.465540438,0
5.3,503.737322914286,1487.67008911267,0,0,399804.372223803,0
5.4,485.795669543235,1546.97958345948,0,0,412543.192486102,0
5.5,466.050918241477,1604.59255534045,0,0,425916.098813947,0
5.6,444.700750961565,1659.98881120582,0,0,439845.124159447,0
5.7,421.948878361711,1712.5809417823,0,0,454243.99615781,0
5.8,398.011814627142,1761.72215713176,0,0,469017.147042155,0
5.9,373.123641343532,1806.72017565564,0,0,484059.021105624,0
6,347.538483587644,1846.85740307214,0,0,499253.803343324,0
6.1,321.530424017233,1881.41719581767,0,0,514475.686998122,0
6.2,295.390645158138,1909.71536936842,0,0,529589.779942571,0
6.3,269.421735833545,1931.13534005861,0,0,544453.716924957,0
6.4,243.929336000168,1945.16447624638,0,0,558919.995618625,0
6.5,219.211605432908,1951.42854060053,0,0,572838.99053536,0
6.6,195.547343726127,1949.72071151655,0,0,586062.525952414,0
6.7,173.183892529631,1940.02175060007,0,0,598447.816149615,0
6.8,152.326134202542,1922.50853745831,0,0,609861.520585644,0
6.9,133.127891914969,1897.54940359072,0,0,620183.625418529,0
7,115.686798163565,1865.68629801221,0,0,629310.860585122,0
7.1,100.043251953525,1827.60551549447,0,0,637159.397517127,0
7.2,86.1835093212001,1784.10016981467,0,0,643666.642339069,0
7.3,74.0463709519693,1736.02849473349,0,0,648792.032579457,0
7.4,63.5324705522997,1684.27224374919,0,0,652516.845678439,0
7.5,54.5149217513209,1629.69895135289,0,0,654843.118813968,0
7.6,46.8500782402701,1573.13079854129,0,0,655791.84797213,0
