rho,stability
0.01,stable
0.0187142857142857,stable
0.0274285714285714,stable
0.0361428571428571,stable
0.0448571428571429,stable
0.0535714285714286,stable
0.0622857142857143,stable
0.071,stable
0.0797142857142857,stable
0.0884285714285714,stable
0.0971428571428571,stable
0.105857142857143,stable
0.114571428571429,stable
0.123285714285714,stable
0.132,stable
0.140714285714286,stable
0.149428571428571,stable
0.158142857142857,stable
0.166857142857143,stable
0.175571428571429,stable
0.184285714285714,stable
0.193,stable
0.201714285714286,stable
0.210428571428571,stable
0.219142857142857,stable
0.227857142857143,stable
0.236571428571429,stable
0.245285714285714,stable
0.254,stable
0.262714285714286,stable
0.271428571428571,stable
0.280142857142857,stable
0.288857142857143,stable
0.297571428571429,stable
0.306285714285714,stable
0.315,stable
0.323714285714286,stable
0.332428571428571,stable
0.341142857142857,stable
0.349857142857143,stable
0.358571428571429,stable
0.367285714285714,stable
0.376,stable
0.384714285714286,stable
0.393428571428571,stable
0.402142857142857,stable
0.410857142857143,stable
0.419571428571429,stable
0.428285714285714,stable
0.437,unstable
