rho,H_U_max,H_D_max,V_D_max,H_U_min,H_D_min,V_D_min,H_total_max,H_total_min,H_U_point,H_C_point,H_D_point,H_M_point,V_C_point,V_D_point
0.8455,203.385997295158,1443.48626256891,507144.149558687,182.546312341386,1381.4435938711,495948.870446924,1640.30177041152,1570.31270340791,183.36756520985,0,1408.06590626485,0,0,505545.955203725
0.861555555555556,291.028563519997,1648.66529747608,548847.172268775,112.387992592822,1123.31910893345,451521.982906684,1871.30304769619,1279.20738623535,129.697933242446,0,1494.61244534741,0,0,548624.35422317
0.877611111111111,346.52850913542,1746.28518114527,571635.146204225,80.7998958773205,973.692760576105,424486.510429781,1981.47734370175,1110.82430984265,89.6956250763714,0,1079.39118931687,0,0,511941.595156237
0.893666666666667,388.47907432635,1806.26477159345,588075.270524968,61.5665721429336,866.140470388154,404174.913169135,2048.36604750759,989.888330412537,275.970521626867,0,966.428974959229,0,0,408530.619721756
0.909722222222222,423.538287560322,1848.12053057197,601564.067327289,48.1127512274526,780.131774188045,387111.328397096,2094.77120550518,893.186182258727,264.890335770455,0,1828.69898654057,0,0,523916.983323869
0.925777777777778,454.055107498747,1879.05445425685,613274.345063416,38.1378962629977,708.297350073829,372115.232358081,2128.71595514093,812.422184137526,61.6010796470512,0,773.162259261611,0,0,473951.22968551
0.941833333333333,481.235527120402,1902.58114720109,623781.230647566,30.5022926859164,646.834328953901,358603.528041037,2154.19752372445,743.298630204226,53.6597474623583,0,1482.23264665955,0,0,621910.074368231
0.957888888888889,505.777860525776,1920.7359563922,633397.281528524,24.5349832446101,593.414576092228,346232.335469594,2173.54397930085,683.196205557458,45.9460995164246,0,1461.46637953354,0,0,630850.543351253
0.973944444444445,528.174168050213,1934.93490917796,642356.764351316,19.8138809584808,546.483028002913,334789.263186561,2188.33376652763,630.360159829315,72.0489145223169,0,558.925082602797,0,0,413321.862599231
0.99,548.787256897731,1946.09606748293,650791.458513568,16.0408147625507,504.880273357344,324114.95698491,2199.63431932009,583.49602622961,27.9950355230357,0,1329.30824549364,0,0,640428.977054931
